{"stats":{"minecraft:custom":{"minecraft:time_since_rest":405,"minecraft:sprint_one_cm":2485,"minecraft:damage_taken":295,"minecraft:walk_one_cm":32568,"minecraft:mob_kills":1,"minecraft:damage_dealt":210,"minecraft:interact_with_crafting_table":5,"minecraft:fly_one_cm":371,"minecraft:deaths":1,"minecraft:play_time":13744,"minecraft:sneak_time":4,"minecraft:walk_under_water_one_cm":157,"minecraft:jump":100,"minecraft:walk_on_water_one_cm":1133,"minecraft:time_since_death":347,"minecraft:total_world_time":13744,"minecraft:fall_one_cm":4885},"minecraft:picked_up":{"minecraft:birch_log":6,"minecraft:magma_block":2,"minecraft:stick":14,"minecraft:crafting_table":3,"minecraft:raw_iron":8,"minecraft:smooth_basalt":10,"minecraft:copper_ingot":11,"minecraft:torch":29,"minecraft:wooden_pickaxe":1,"minecraft:gravel":2,"minecraft:flint":2,"minecraft:tuff":2,"minecraft:diorite":17,"minecraft:amethyst_block":10,"minecraft:lapis_lazuli":57,"minecraft:dirt":12,"minecraft:string":2,"minecraft:raw_copper":30,"minecraft:stone_sword":2,"minecraft:bone":2,"minecraft:arrow":2,"minecraft:rotten_flesh":2,"minecraft:cobbled_deepslate":23,"minecraft:stone_pickaxe":3,"minecraft:calcite":14,"minecraft:birch_sapling":1,"minecraft:coal":13,"minecraft:cobblestone":242,"minecraft:wooden_axe":1},"minecraft:killed":{"minecraft:skeleton":1},"minecraft:mined":{"minecraft:tuff":2,"minecraft:birch_log":7,"minecraft:iron_ore":6,"minecraft:birch_leaves":1,"minecraft:crafting_table":2,"minecraft:calcite":13,"minecraft:coal_ore":9,"minecraft:deepslate_iron_ore":2,"minecraft:gravel":3,"minecraft:cobblestone":2,"minecraft:smooth_basalt":1,"minecraft:stone":127,"minecraft:diorite":4,"minecraft:deepslate":2,"minecraft:wall_torch":6,"minecraft:amethyst_block":5},"minecraft:crafted":{"minecraft:crafting_table":1,"minecraft:stick":12,"minecraft:stone_pickaxe":2,"minecraft:birch_planks":24,"minecraft:torch":4},"minecraft:used":{"minecraft:stone_sword":15,"minecraft:stone_pickaxe":145,"minecraft:wooden_pickaxe":39,"minecraft:torch":8,"minecraft:cobblestone":12,"minecraft:crafting_table":2},"minecraft:broken":{"minecraft:stone_pickaxe":1}},"DataVersion":3463}