{"stats":{"minecraft:custom":{"minecraft:jump":16,"minecraft:time_since_rest":3993,"minecraft:damage_dealt":10,"minecraft:walk_on_water_one_cm":491,"minecraft:play_time":3993,"minecraft:damage_taken":30,"minecraft:time_since_death":3993,"minecraft:walk_one_cm":10539,"minecraft:sneak_time":4,"minecraft:total_world_time":3993,"minecraft:fall_one_cm":775},"minecraft:picked_up":{"minecraft:stone_sword":1,"minecraft:rotten_flesh":2,"minecraft:birch_sapling":1,"minecraft:wooden_pickaxe":1,"minecraft:cobblestone":11,"minecraft:birch_log":6},"minecraft:mined":{"minecraft:birch_log":7,"minecraft:stone":11,"minecraft:birch_leaves":1},"minecraft:used":{"minecraft:wooden_pickaxe":11},"minecraft:crafted":{"minecraft:birch_planks":24,"minecraft:stick":12}},"DataVersion":3463}