{"stats":{"minecraft:dropped":{"minecraft:stone_sword":1,"minecraft:rotten_flesh":2,"minecraft:wooden_pickaxe":1},"minecraft:custom":{"minecraft:time_since_rest":17826,"minecraft:interact_with_furnace":5,"minecraft:sprint_one_cm":9350,"minecraft:damage_taken":200,"minecraft:walk_one_cm":37727,"minecraft:mob_kills":2,"minecraft:drop":3,"minecraft:damage_dealt":159,"minecraft:swim_one_cm":18,"minecraft:interact_with_crafting_table":6,"minecraft:fly_one_cm":1126,"minecraft:crouch_one_cm":71,"minecraft:play_time":17826,"minecraft:sneak_time":41,"minecraft:walk_under_water_one_cm":5076,"minecraft:jump":35,"minecraft:leave_game":1,"minecraft:time_since_death":17826,"minecraft:walk_on_water_one_cm":813,"minecraft:total_world_time":17826},"minecraft:picked_up":{"minecraft:birch_log":20,"minecraft:magma_block":3,"minecraft:raw_iron":1,"minecraft:crafting_table":5,"minecraft:chicken":1,"minecraft:potato":1,"minecraft:flint":1,"minecraft:oak_log":3,"minecraft:dirt":14,"minecraft:raw_copper":41,"minecraft:rotten_flesh":2,"minecraft:cobblestone":75,"minecraft:furnace":1},"minecraft:killed":{"minecraft:zombie":1,"minecraft:chicken":1},"minecraft:mined":{"minecraft:magma_block":3,"minecraft:furnace":1,"minecraft:birch_log":21,"minecraft:iron_ore":1,"minecraft:birch_leaves":2,"minecraft:crafting_table":5,"minecraft:grass":1,"minecraft:grass_block":12,"minecraft:oak_log":3,"minecraft:gravel":1,"minecraft:dirt":2,"minecraft:copper_ore":12,"minecraft:stone":76,"minecraft:oak_leaves":1},"minecraft:crafted":{"minecraft:crafting_table":1,"minecraft:stick":12,"minecraft:wooden_pickaxe":1,"minecraft:stone_pickaxe":2,"minecraft:wooden_axe":1,"minecraft:stone_sword":2,"minecraft:furnace":1,"minecraft:copper_ingot":11,"minecraft:birch_planks":54,"minecraft:air":0},"minecraft:used":{"minecraft:wooden_axe":40,"minecraft:stone_pickaxe":79,"minecraft:chicken":1,"minecraft:wooden_pickaxe":16,"minecraft:dirt":2,"minecraft:magma_block":1,"minecraft:crafting_table":5,"minecraft:furnace":1,"minecraft:potato":1}},"DataVersion":3463}