{"stats":{"minecraft:custom":{"minecraft:time_since_rest":5827,"minecraft:sprint_one_cm":8214,"minecraft:crouch_one_cm":71,"minecraft:play_time":5827,"minecraft:walk_one_cm":10033,"minecraft:sneak_time":8,"minecraft:mob_kills":1,"minecraft:jump":15,"minecraft:damage_dealt":40,"minecraft:time_since_death":5827,"minecraft:total_world_time":5827,"minecraft:interact_with_crafting_table":3,"minecraft:fly_one_cm":920},"minecraft:picked_up":{"minecraft:birch_log":14,"minecraft:raw_iron":1,"minecraft:crafting_table":3,"minecraft:chicken":1,"minecraft:flint":1,"minecraft:dirt":11,"minecraft:cobblestone":26},"minecraft:killed":{"minecraft:chicken":1},"minecraft:mined":{"minecraft:grass_block":10,"minecraft:gravel":1,"minecraft:dirt":1,"minecraft:iron_ore":1,"minecraft:birch_log":14,"minecraft:stone":27,"minecraft:birch_leaves":2,"minecraft:crafting_table":3},"minecraft:crafted":{"minecraft:birch_planks":54,"minecraft:crafting_table":1,"minecraft:stick":12,"minecraft:stone_pickaxe":2,"minecraft:wooden_pickaxe":1,"minecraft:wooden_axe":1},"minecraft:used":{"minecraft:wooden_axe":13,"minecraft:crafting_table":3,"minecraft:stone_pickaxe":14,"minecraft:wooden_pickaxe":16}},"DataVersion":3463}