{"stats":{"minecraft:dropped":{"minecraft:stone_sword":1,"minecraft:rotten_flesh":2,"minecraft:wooden_pickaxe":1},"minecraft:custom":{"minecraft:interact_with_furnace":5,"minecraft:mob_kills":3,"minecraft:interact_with_crafting_table":7,"minecraft:leave_game":2,"minecraft:time_since_death":1359,"minecraft:time_since_rest":1439,"minecraft:sprint_one_cm":21672,"minecraft:damage_taken":280,"minecraft:walk_one_cm":69836,"minecraft:drop":3,"minecraft:damage_dealt":428,"minecraft:swim_one_cm":18,"minecraft:fly_one_cm":1526,"minecraft:crouch_one_cm":121,"minecraft:play_time":27577,"minecraft:deaths":1,"minecraft:sneak_time":46,"minecraft:walk_under_water_one_cm":5076,"minecraft:jump":79,"minecraft:walk_on_water_one_cm":2464,"minecraft:total_world_time":27577,"minecraft:fall_one_cm":838},"minecraft:picked_up":{"minecraft:birch_log":25,"minecraft:crafting_table":6,"minecraft:magma_block":3,"minecraft:chicken":1,"minecraft:potato":1,"minecraft:flint":1,"minecraft:oak_log":3,"minecraft:amethyst_block":5,"minecraft:lapis_lazuli":57,"minecraft:dirt":14,"minecraft:string":2,"minecraft:raw_copper":41,"minecraft:wheat_seeds":2,"minecraft:cobbled_deepslate":7,"minecraft:calcite":1,"minecraft:furnace":1,"minecraft:raw_iron":1,"minecraft:smooth_basalt":6,"minecraft:torch":1,"minecraft:amethyst_shard":6,"minecraft:diorite":13,"minecraft:spider_eye":1,"minecraft:rotten_flesh":2,"minecraft:coal":8,"minecraft:cobblestone":125},"minecraft:killed_by":{"minecraft:skeleton":1},"minecraft:killed":{"minecraft:spider":1,"minecraft:zombie":1,"minecraft:chicken":1},"minecraft:mined":{"minecraft:amethyst_cluster":1,"minecraft:crafting_table":6,"minecraft:glow_lichen":1,"minecraft:budding_amethyst":2,"minecraft:grass_block":12,"minecraft:calcite":1,"minecraft:copper_ore":12,"minecraft:lapis_ore":8,"minecraft:diorite":13,"minecraft:amethyst_block":6,"minecraft:magma_block":3,"minecraft:furnace":1,"minecraft:birch_log":25,"minecraft:iron_ore":1,"minecraft:birch_leaves":5,"minecraft:grass":6,"minecraft:oak_log":3,"minecraft:coal_ore":12,"minecraft:gravel":1,"minecraft:dirt":2,"minecraft:smooth_basalt":9,"minecraft:stone":138,"minecraft:oak_leaves":1,"minecraft:deepslate":21},"minecraft:crafted":{"minecraft:oak_planks":12,"minecraft:crafting_table":1,"minecraft:wooden_pickaxe":1,"minecraft:furnace":1,"minecraft:copper_ingot":11,"minecraft:birch_planks":54,"minecraft:air":0,"minecraft:stick":36,"minecraft:stone_pickaxe":4,"minecraft:wooden_axe":1,"minecraft:stone_sword":2,"minecraft:torch":32},"minecraft:used":{"minecraft:stone_sword":12,"minecraft:stone_pickaxe":216,"minecraft:wooden_pickaxe":16,"minecraft:torch":9,"minecraft:dirt":2,"minecraft:crafting_table":6,"minecraft:wooden_axe":44,"minecraft:chicken":1,"minecraft:magma_block":1,"minecraft:furnace":1,"minecraft:potato":1},"minecraft:broken":{"minecraft:stone_pickaxe":1}},"DataVersion":3463}